Rank,Model,Score,index1,index2,index3,index4
1,Model_1 ,0.8922456674284851,0.6874999999999999,1.0,1.0,1.0
2,Model_4 ,0.717447624766511,0.37499999999999983,0.8,0.7999999999999992,0.8000000000000002
3,Model_5 ,0.6830259648615256,0.0,0.9,0.6999999999999993,0.8999999999999996
4,Model_2 ,0.44456204912342856,0.06250000000000018,0.5000000000000001,0.49999999999999944,0.5
5,Model_3 ,0.28615466582835963,1.0,0.0,0.0,0.0
,,,,,,
